MAE,RMSE,R2_Score,MAPE,Mean_Error_Percent,Std_Error_Percent,Number_of_Players
806883.7683722527,2047664.9498705189,0.992796950175374,5.372060593605648,-0.2726501222860293,12.869259811268769,364
